{"nodes":{"node:1":{"location":{"x":-1847,"y":18628}},"node:2":{"location":{"x":-1512,"y":18788}},"node:3":{"location":{"x":-2143,"y":18768}},"node:4":{"location":{"x":-2159,"y":18960}},"node:5":{"location":{"x":-1832,"y":18916}}},"selection":null,"view":{"scroll":{"x":-2373.3076171875,"y":18481.1484375},"visible_rect":{"max":{"x":-1049.3076171875,"y":19222.1484375},"min":{"x":-2373.3076171875,"y":18481.1484375}},"zoom":1}}