{"nodes":{"node:1":{"location":{"x":1208,"y":772}},"node:11":{"location":{"x":1700,"y":440}},"node:17":{"location":{"x":895,"y":784}},"node:19":{"location":{"x":1032,"y":772}},"node:2":{"location":{"x":1129,"y":448}},"node:30":{"location":{"x":657,"y":816}},"node:31":{"location":{"x":2344,"y":444}},"node:33":{"location":{"x":2081,"y":368}},"node:34":{"location":{"x":2798,"y":448}},"node:35":{"location":{"x":2032,"y":688}},"node:36":{"location":{"x":2344,"y":148}},"node:38":{"location":{"x":2153,"y":180}},"node:39":{"location":{"x":1353,"y":528}},"node:40":{"location":{"x":1121,"y":560}},"node:44":{"location":{"x":2161,"y":496}},"node:45":{"location":{"x":2001,"y":192}},"node:46":{"location":{"x":2569,"y":672}}},"selection":null,"view":{"scroll":{"x":407.4481201171875,"y":-92.5496292114257812},"visible_rect":{"max":{"x":3265.884521484375,"y":1415.661865234375},"min":{"x":626.6593017578125,"y":-142.342254638671875}},"zoom":0.650190830230712891}}