{"nodes":{"node:1":{"location":{"x":1214,"y":716}},"node:10":{"location":{"x":645,"y":752}},"node:11":{"location":{"x":1700,"y":440}},"node:12":{"location":{"x":2280,"y":428}},"node:15":{"location":{"x":1448,"y":132}},"node:16":{"location":{"x":846,"y":164}},"node:17":{"location":{"x":640,"y":888}},"node:19":{"location":{"x":761,"y":852}},"node:2":{"location":{"x":329,"y":352}},"node:26":{"location":{"x":1900,"y":991}},"node:27":{"location":{"x":2120,"y":912}},"node:28":{"location":{"x":1857,"y":880}},"node:7":{"location":{"x":115,"y":488}},"node:8":{"location":{"x":1044,"y":504}},"node:9":{"location":{"x":564,"y":460}}},"selection":null,"view":{"scroll":{"x":-20.1343994140625,"y":-135.084014892578125},"visible_rect":{"max":{"x":2839.731201171875,"y":1277.83203125},"min":{"x":-40.268798828125,"y":-270.16802978515625}},"zoom":0.5}}