{"nodes":{"node:1":{"location":{"x":-2093,"y":18640}}},"selection":null,"view":{"scroll":{"x":-1914.4361572265625,"y":13902.6689453125},"visible_rect":{"max":{"x":-1063.2547607421875,"y":19330.34375},"min":{"x":-2552.59716796875,"y":18537.005859375}},"zoom":0.749995410442352295}}